n_estimators,max_features,avg_score,score_std_dev
30,0.3,42.16301401801896,4.341433988691871
30,0.6,42.67204006083753,3.8906076551014075
30,1.0,42.77872850823263,4.0748710414012725
60,0.3,41.57468665744166,4.087079751789274
60,0.6,41.9481119568061,4.156407229227993
60,1.0,41.768485829625,4.026741706364378
100,0.3,41.14599447956584,4.101245519994743
100,0.6,41.40915368663759,4.127515936803472
100,1.0,41.70392972274182,4.182286437604742
